key,ko,comment
k.appName,"버스온다","앱의 공식 이름"
common.ui.button.cancel,"취소","공용: 취소 버튼"
common.ui.button.save,"저장","공용: 저장 버튼"
common.ui.button.next,"다음","공용: 다음 버튼"
common.ui.button.previous,"이전","공용: 이전 버튼"
common.ui.button.retry,"다시 시도","공용: 재시도 버튼"
home.ui.title,"홈","홈 화면: 내비게이션 타이틀"
home.ui.button.edit,"편집","홈 화면: 편집 버튼"
home.ui.placeholder.search,"버스 노선, 정류장 검색","홈 화면: 검색창 플레이스홀더"
home.ui.empty.title,"저장된 내역이 없습니다.","홈 화면: 즐겨찾기 비어있을 때 제목"
home.ui.empty.subtitle,"자주 이용하는 버스를 추가해 주세요.","홈 화면: 즐겨찾기 비어있을 때 부제목"
home.ui.empty.button.add,"나의 버스 추가하기","홈 화면: 즐겨찾기 비어있을 때 추가 버튼"
onboarding.ui.button.startCTA,"알아보기","온보딩 시작: 알아보기 버튼"
onboarding.ui.title.start,"는 저시력자를 위한
버스 안내 앱입니다.","온보딩 시작: 앱 설명 (앱 이름 뒤에 붙음)"
onboarding.ui.title.page1,"탑승하려는 버스를 즐겨찾기
하면 버스 인식을 시작할 수 있
습니다.","온보딩 1페이지 문구"
onboarding.ui.title.page2,"버스 인식 카메라로 버스 번호
를 확인할 수 있습니다.
 ","온보딩 2페이지 문구"
onboarding.ui.title.page3,"즐겨찾기한 버스는 홈화면에
서 빠르게 버스인식을 할 수 있
습니다.","온보딩 3페이지 문구"
onboarding.ui.title.permissions,"권한 요청","온보딩 권한: 내비게이션 타이틀"
onboarding.ui.header.permissions,"시작하기 전에","온보딩 권한: 상단 헤더"
onboarding.ui.subtitle.permissions,"더 나은 앱 사용을 위해
동의가 필요한 권한을 확인해주세요.","온보딩 권한: 부제목"
onboarding.ui.title.requiredAccess,"필수 접근 권한","온보딩 권한: 필수 권한 섹션 타이틀"
onboarding.ui.label.camera,"카메라","온보딩 권한: 카메라 레이블"
onboarding.ui.description.camera,"버스 번호 인식을 위해 사용","온보딩 권한: 카메라 사용 이유"
onboarding.ui.label.location,"위치 정보","온보딩 권한: 위치 정보 레이블"
onboarding.ui.description.location,"위치 기반 정류장 안내를 위해 사용","온보딩 권한: 위치 정보 사용 이유"
onboarding.ui.label.microphone,"마이크","온보딩 권한: 마이크 레이블"
onboarding.ui.description.microphone,"음성 검색 기능을 위해 사용","온보딩 권한: 마이크 사용 이유"
onboarding.ui.label.disclaimer,"위 권한 사용에 동의하지 않는 경우
앱 사용이 제한됩니다.","온보딩 권한: 미동의 시 안내"
onboarding.ui.button.startApp,"시작하기","온보딩 권한: 앱 시작 버튼"
search.ui.placeholder,"검색...","검색 화면: 검색창 플레이스홀더"
search.ui.title.nearbyStops,"주변 정류장","검색 화면: 주변 정류장 섹션 타이틀"
search.ui.empty.noStops,"표시할 정류장이 없습니다.","검색 화면: 주변 정류장 없을 때"
search.ui.prefix.stopID,"ID: ","검색 결과: 정류장 ID 접두사"
busStation.ui.error.failedToLoad,"정류장 정보를 불러오지 못했습니다.","정류장 상세: 로드 실패 에러"
busStation.ui.error.noArrivalInfo,"도착 예정 정보가 없습니다.","정류장 상세: 도착 정보 없음 에러"
busStation.ui.error.noRoutes,"경유 노선 정보를 찾을 수 없습니다.","정류장 상세: 경유 노선 없음 에러"
busStation.ui.guidance,"자주 이용하는 버스를 등록해 주세요.","정류장 상세: 즐겨찾기 유도"
homeEdit.ui.title,"즐겨찾기 편집","즐겨찾기 편집: 내비게이션 타이틀"
common.a11y.button.refresh,"새로고침","A11y: 새로고침 버튼의 VoiceOver 레이블"
home.a11y.button.quickCamera,"빠른 카메라","A11y: 빠른 카메라 버튼"
busStation.ui.button.recognizeBus,"버스 인식하기","버스 정류장 화면: 버스 인식 버튼"
common.a11y.button.home,"홈으로 이동","A11y: 홈으로 이동 버튼"
common.a11y.button.toggleFavorite,"즐겨찾기 토글","A11y: 즐겨찾기 상태를 토글하는 버튼"
quickCamera.ui.title,"빠른 카메라","빠른 카메라 화면: 타이틀"
debug.ui.link.busVision,"207, 306","디버그: 버스 비전 테스트 링크"
debug.ui.title,"Debug Logs","디버그: 화면 타이틀"
debug.ui.button.clear,"Clear","디버그: 로그 지우기 버튼"
debug.ui.button.sttTtsTest,"STT & TTS Test View","디버그: STT/TTS 테스트 뷰 이동 버튼"
sttTtsTest.ui.title.stt,"음성 받아적기 테스트","STT/TTS 테스트: STT 섹션 타이틀"
sttTtsTest.ui.placeholder.stt,"여기에 인식된 텍스트가 표시됩니다.","STT/TTS 테스트: STT 결과 플레이스홀더"
sttTtsTest.ui.button.stopListening,"🛑 인식 중지","STT/TTS 테스트: STT 인식 중지 버튼"
sttTtsTest.ui.button.startListening,"🎙️ 인식 시작","STT/TTS 테스트: STT 인식 시작 버튼"
sttTtsTest.ui.title.tts,"읽을 텍스트","STT/TTS 테스트: TTS 섹션 타이틀"
sttTtsTest.ui.placeholder.tts,"텍스트를 입력하세요","STT/TTS 테스트: TTS 입력 플레이스홀더"
sttTtsTest.ui.button.dismissKeyboard,"키보드 내리기","STT/TTS 테스트: 키보드 내리기 버튼"
sttTtsTest.ui.button.read,"읽기","STT/TTS 테스트: TTS 읽기 버튼"
sttTtsTest.ui.button.stop,"정지","STT/TTS 테스트: TTS 정지 버튼"
sttTtsTest.ui.title.navigation,"STT&TTS 테스트 페이지","STT/TTS 테스트: 내비게이션 타이틀"
test.ui.title.navigation,"버스 API 테스트","테스트: 내비게이션 타이틀"
test.ui.label.searchTerm,"검색어","테스트: 검색어 레이블"
test.ui.placeholder.noSearchTerm,"검색어 없음","테스트: 검색어 없음 플레이스홀더"
test.ui.label.coordinates,"위도/경도","테스트: 위도/경도 레이블"
test.ui.label.cityCode,"cityCode","테스트: cityCode 레이블"
test.ui.label.route,"노선 ID/노선 번호","테스트: 노선 레이블"
test.ui.label.nodeId,"nodeId","테스트: nodeId 레이블"
test.ui.label.responsePreview,"응답 미리보기","테스트: 응답 미리보기 레이블"
test.ui.label.apiCall,"테스트 API 호출","테스트: API 호출 섹션 타이틀"
test.ui.title.stopSection,"정류장 조회","테스트: 정류장 조회 섹션 타이틀"
test.ui.title.arrivalSection,"도착 정보","테스트: 도착 정보 섹션 타이틀"
test.ui.title.routeSection,"노선 정보","테스트: 노선 정보 섹션 타이틀"
test.ui.button.searchStop.title,"정류장 키워드 검색","테스트: 정류장 키워드 검색 버튼 타이틀"
test.ui.button.searchStop.subtitle,"도시 코드와 정류장 이름으로 조회","테스트: 정류장 키워드 검색 버튼 서브타이틀"
test.ui.button.stopsByGps.title,"현위치 주변 정류장","테스트: 현위치 주변 정류장 버튼 타이틀"
test.ui.button.stopsByGps.subtitle,"현재 좌표 기준으로 반경 검색","테스트: 현위치 주변 정류장 버튼 서브타이틀"
test.ui.button.stopRoutes.title,"정류장을 지나는 노선","테스트: 정류장을 지나는 노선 버튼 타이틀"
test.ui.button.stopRoutes.subtitle,"선택한 정류장을 통과하는 노선 목록","테스트: 정류장을 지나는 노선 버튼 서브타이틀"
test.ui.button.arrivals.title,"정류장 도착 정보","테스트: 정류장 도착 정보 버튼 타이틀"
test.ui.button.arrivals.subtitle,"정류장 기준 전체 도착 예정 정보","테스트: 정류장 도착 정보 버튼 서브타이틀"
test.ui.button.arrivalsForRoute.title,"특정 노선 도착 정보","테스트: 특정 노선 도착 정보 버튼 타이틀"
test.ui.button.arrivalsForRoute.subtitle,"정류장 + 노선 조합으로 도착 조회","테스트: 특정 노선 도착 정보 버튼 서브타이틀"
test.ui.button.routeBusLocations.title,"차량 실시간 위치","테스트: 차량 실시간 위치 버튼 타이틀"
test.ui.button.routeBusLocations.subtitle,"선택한 노선의 차량 위치 추적","테스트: 차량 실시간 위치 버튼 서브타이틀"
test.ui.button.routeInfo.title,"노선 기본 정보","테스트: 노선 기본 정보 버튼 타이틀"
test.ui.button.routeInfo.subtitle,"첫/막차 시간 등 노선 상세 확인","테스트: 노선 기본 정보 버튼 서브타이틀"
test.ui.button.searchRoute.title,"노선 번호 검색","테스트: 노선 번호 검색 버튼 타이틀"
test.ui.button.searchRoute.subtitle,"노선 번호 키워드로 노선 찾기","테스트: 노선 번호 검색 버튼 서브타이틀"
test.ui.button.routeStops.title,"노선 경유 정류장","테스트: 노선 경유 정류장 버튼 타이틀"
test.ui.button.routeStops.subtitle,"노선이 지나가는 정류장 순서 확인","테스트: 노선 경유 정류장 버튼 서브타이틀"
test.ui.label.rawResponse,"원본 응답(JSON)","테스트: 원본 응답 레이블"